-- MySQL dump 10.13  Distrib 8.0.34-26, for Linux (x86_64)
--
-- Host: localhost    Database: recordsapp_db
-- ------------------------------------------------------
-- Server version	8.0.34-26

/*!40101 SET @OLD_CHARACTER_SET_CLIENT=@@CHARACTER_SET_CLIENT */;
/*!40101 SET @OLD_CHARACTER_SET_RESULTS=@@CHARACTER_SET_RESULTS */;
/*!40101 SET @OLD_COLLATION_CONNECTION=@@COLLATION_CONNECTION */;
/*!50503 SET NAMES utf8 */;
/*!40103 SET @OLD_TIME_ZONE=@@TIME_ZONE */;
/*!40103 SET TIME_ZONE='+00:00' */;
/*!40014 SET @OLD_UNIQUE_CHECKS=@@UNIQUE_CHECKS, UNIQUE_CHECKS=0 */;
/*!40014 SET @OLD_FOREIGN_KEY_CHECKS=@@FOREIGN_KEY_CHECKS, FOREIGN_KEY_CHECKS=0 */;
/*!40101 SET @OLD_SQL_MODE=@@SQL_MODE, SQL_MODE='NO_AUTO_VALUE_ON_ZERO' */;
/*!40111 SET @OLD_SQL_NOTES=@@SQL_NOTES, SQL_NOTES=0 */;
/*!50717 SELECT COUNT(*) INTO @rocksdb_has_p_s_session_variables FROM INFORMATION_SCHEMA.TABLES WHERE TABLE_SCHEMA = 'performance_schema' AND TABLE_NAME = 'session_variables' */;
/*!50717 SET @rocksdb_get_is_supported = IF (@rocksdb_has_p_s_session_variables, 'SELECT COUNT(*) INTO @rocksdb_is_supported FROM performance_schema.session_variables WHERE VARIABLE_NAME=\'rocksdb_bulk_load\'', 'SELECT 0') */;
/*!50717 PREPARE s FROM @rocksdb_get_is_supported */;
/*!50717 EXECUTE s */;
/*!50717 DEALLOCATE PREPARE s */;
/*!50717 SET @rocksdb_enable_bulk_load = IF (@rocksdb_is_supported, 'SET SESSION rocksdb_bulk_load = 1', 'SET @rocksdb_dummy_bulk_load = 0') */;
/*!50717 PREPARE s FROM @rocksdb_enable_bulk_load */;
/*!50717 EXECUTE s */;
/*!50717 DEALLOCATE PREPARE s */;

--
-- Table structure for table `employee`
--

DROP TABLE IF EXISTS `employee`;
/*!40101 SET @saved_cs_client     = @@character_set_client */;
/*!50503 SET character_set_client = utf8mb4 */;
CREATE TABLE `employee` (
  `id` int NOT NULL AUTO_INCREMENT,
  `lastname` varchar(45) NOT NULL,
  `firstname` varchar(45) NOT NULL,
  `office_id` int NOT NULL,
  `address` varchar(100) DEFAULT NULL,
  PRIMARY KEY (`id`)
) ENGINE=InnoDB AUTO_INCREMENT=251 DEFAULT CHARSET=utf8mb4 COLLATE=utf8mb4_0900_ai_ci;
/*!40101 SET character_set_client = @saved_cs_client */;

--
-- Dumping data for table `employee`
--

LOCK TABLES `employee` WRITE;
/*!40000 ALTER TABLE `employee` DISABLE KEYS */;
INSERT INTO `employee` VALUES (1,'Pacocha','Emery',4,'28A Eichmann Street, Poblacion, Candon 3097 Palawan'),(2,'Kohler','Chyna',2,'69A/10 Murray Street, Candelaria 1606 Zamboanga del Norte'),(3,'Lubowitz','Arno',6,'24/51 Reinger Street, Poblacion, Las Piñas 3632 Pangasinan'),(4,'Stoltenberg','Liza',2,'23A Kuhlman Street, Bustos 5581 Davao del Norte'),(5,'Treutel','Sammie',9,'39 Beahan Street, Poblacion, Canlaon 8112 Davao del Sur'),(6,'Bauch','Catalina',9,'55A/71 Sawayn Street, Pamplona 1601 Davao del Sur'),(7,'Runolfsdottir','Nils',9,'29/78 Wehner Street, Poblacion, Balanga 7561 Sultan Kudarat'),(8,'Gutkowski','Lily',2,'23/99 Cormier Street, Tobias Fornier 6394 Apayao'),(9,'Johnson','Demarco',8,'98 Armstrong Street, Opol 8294 Masbate'),(10,'Kirlin','Antonette',7,'25/10 Schuster Street, Poblacion, Santiago 1961 Ifugao'),(11,'Wolff','Shirley',9,'49 Gibson Street, Poblacion, Makati 4846 Catanduanes'),(12,'Hermann','Giovanna',3,'94 Fritsch Street, Poblacion, Quezon City 4541 Camarines Norte'),(13,'Nader','Elisa',6,'10 Bailey Street, Tangalan 8518 Compostela Valley'),(14,'Mitchell','Neva',3,'26A/47 Spinka Street, Cabanglasan 0447 Sulu'),(15,'Hahn','Megane',2,'93A/00 Dicki Street, Poblacion, San Carlos 1903 Laguna'),(16,'Johnston','Muriel',1,'73A Price Street, Poblacion, Dipolog 3650 Northern Samar'),(17,'Bernhard','Lauren',6,'87 Erdman Street, Poblacion, Tanjay 4449 Tarlac'),(18,'Stroman','Tyson',0,'84A/12 McDermott Street, Poblacion, Cabadbaran 8695 Benguet'),(19,'Simonis','Jabari',7,'94A/57 Wilderman Street, Poblacion, Cabuyao 9566 Zamboanga del Norte'),(20,'Lowe','Tyrel',3,'98 Bauch Street, Aritao 5972 Catanduanes'),(21,'Schinner','Mackenzie',5,'69A/07 Renner Street, Barbaza 0645 Abra'),(22,'Metz','Lavinia',6,'02A/84 Toy Street, Poblacion, Tarlac City 7843 Occidental Mindoro'),(23,'Kreiger','Lindsay',9,'88/73 Reinger Street, Poblacion, Cavite City 2438 Abra'),(24,'Hilll','Pascale',7,'30 Mohr Street, Poblacion, Zamboanga City 3642 Capiz'),(25,'Goyette','Melany',8,'17/91 Botsford Street, San Jacinto 3500 Davao del Norte'),(26,'Dietrich','Pearl',8,'08 Orn Street, Poblacion, Ozamiz 0143 Bohol'),(27,'Littel','Jovany',6,'84/39 Gerhold Street, Poblacion, Batac 4404 Agusan del Norte'),(28,'Flatley','Alvena',4,'36/55 Bernhard Street, Labrador 0417 Rizal'),(29,'Lindgren','Claire',8,'74 Rogahn Street, Poblacion, Laoag 1626 Batanes'),(30,'Carter','Kameron',5,'17/78 McClure Street, Guinayangan 8966 Dinagat Islands'),(31,'Littel','Christina',7,'47 Graham Street, Poblacion, Balanga 9968 Guimaras'),(32,'Cronin','Marquise',3,'19A/75 Hagenes Street, Poblacion, Parañaque 9616 Sulu'),(33,'Wehner','Olen',7,'41/83 Lang Street, Dasol 3443 Albay'),(34,'Hayes','Emmalee',1,'86 Reilly Street, Poblacion, Iligan 5532 Zamboanga del Norte'),(35,'Yost','Mathew',4,'19/43 Morar Street, Dalaguete 2277 Ifugao'),(36,'Hauck','Vesta',5,'57A Bogisich Street, Kalibo 8423 Laguna'),(37,'Mosciski','Destini',5,'14 Casper Street, Tacloban City 9113 Surigao del Norte'),(38,'King','Elijah',8,'30 Rippin Street, Madamba 6956 Aklan'),(39,'Mraz','Eveline',7,'96A/76 Kshlerin Street, Poblacion, Tarlac City 7300 Masbate'),(40,'Kihn','Angeline',1,'35 Schaden Street, Dinas 9289 Camarines Norte'),(41,'Grimes','Spencer',3,'05 Gislason Street, Poblacion, Valencia 3942 Abra'),(42,'White','Luna',0,'86A/63 Rodriguez Street, Pikit 5838 Laguna'),(43,'Runolfsson','Cecelia',4,'86A Zemlak Street, Parang 6394 Aurora'),(44,'Hauck','Willa',8,'72 Carter Street, Del Carmen 7373 Cebu'),(45,'Parisian','Keenan',7,'61A Bashirian Street, Altavas 3553 Davao del Norte'),(46,'Weimann','Orion',4,'33A/24 McGlynn Street, Padada 9802 Misamis Occidental'),(47,'Walter','Carissa',4,'13A Bashirian Street, Poblacion, Koronadal 2931 Ilocos Norte'),(48,'DuBuque','Casey',7,'56A/15 Terry Street, Poblacion, Bais 3660 Metro Manila'),(49,'Wisoky','Coleman',8,'19/49 Hintz Street, Poblacion, Tuguegarao 7740 Agusan del Norte'),(50,'McLaughlin','Colin',0,'57/88 Champlin Street, Poblacion, Las Piñas 7490 Bohol'),(51,'Predovic','Mellie',40,'72/32 Trantow Street, Silang 3484 La Union'),(52,'Volkman','Doug',32,'45/29 Bernhard Street, Laur 5943 Zamboanga del Norte'),(53,'Harvey','Alene',36,'44/13 Jacobi Street, Poblacion, Talisay 5314 Tawi-Tawi'),(54,'Morar','Arvel',28,'64A Green Street, Lakewood 4605 Dinagat Islands'),(55,'Crist','Marjorie',11,'68 Sporer Street, Poblacion, Guihulngan 1332 Zamboanga del Norte'),(56,'Moore','Celestino',48,'05/45 Heaney Street, Poblacion, Tarlac City 3174 Biliran'),(57,'Wehner','Conrad',38,'70 Crooks Street, Poblacion, Talisay 0573 Davao del Sur'),(58,'Braun','Dangelo',15,'09 Barton Street, Mansalay 7901 Pangasinan'),(59,'Nicolas','Krystel',11,'92A Brakus Street, Poblacion, Naga 2268 Biliran'),(60,'Friesen','Orval',23,'27A/73 Beier Street, Baco 4406 Isabela'),(61,'Miller','Dario',17,'63 Zieme Street, Poblacion, Tanjay 4261 Metro Manila'),(62,'Sanford','Edison',33,'90 Powlowski Street, Poblacion, Cabadbaran 9494 Sultan Kudarat'),(63,'Trantow','Keegan',36,'40A/03 Jaskolski Street, Indanan 6740 Apayao'),(64,'Aufderhar','Theresa',9,'72/92 Gislason Street, Poblacion, Tagbilaran 4641 Davao Oriental'),(65,'Willms','Missouri',30,'44A/20 Douglas Street, Poblacion, Biñan 9377 Tawi-Tawi'),(66,'Rolfson','Ozella',16,'57/11 Glover Street, Poblacion, Cauayan 0581 Misamis Occidental'),(67,'Cormier','Cristina',32,'23A Cremin Street, Poblacion, Manila 9537 Abra'),(68,'Morissette','Albert',28,'44A/77 Crooks Street, Poblacion, Muntinlupa 9774 Basilan'),(69,'Deckow','Dane',34,'11A Weber Street, Poblacion, Butuan 1488 Agusan del Sur'),(70,'Vandervort','Dayton',35,'02/02 Funk Street, Tagapul-an 5322 Benguet'),(71,'Boyle','Hailie',20,'01A Schulist Street, Poblacion, Guihulngan 4294 Lanao del Norte'),(72,'Bartell','Vince',39,'90A/62 Turcotte Street, Hinunangan 8811 Nueva Ecija'),(73,'Kautzer','Florian',7,'26/02 Klocko Street, Poblacion, Malolos 4741 Northern Samar'),(74,'Schowalter','Jess',25,'33A/18 Mraz Street, Balilihan 2446 Ilocos Sur'),(75,'Smitham','Oceane',29,'38 Williamson Street, Binmaley 3855 Albay'),(76,'Robel','Jermaine',2,'91A/39 Baumbach Street, Poblacion, Passi 5140 Zamboanga Sibugay'),(77,'Ernser','Aylin',39,'48A Hilpert Street, Poblacion, Navotas 3094 Nueva Ecija'),(78,'Barrows','Elmo',27,'04/97 Gerhold Street, Bislig City 4151 Zamboanga Sibugay'),(79,'Thiel','Blake',50,'17 Greenfelder Street, Poblacion, Davao City 5774 Sorsogon'),(80,'Emard','Bertha',47,'99 Kihn Street, Balamban 5672 Davao del Norte'),(81,'Wiza','Domenica',22,'01A/75 Auer Street, Ligao City 1554 Northern Samar'),(82,'Romaguera','Zackary',7,'11/49 Johns Street, Poblacion, Dumaguete 0593 Rizal'),(83,'Kozey','Tyrell',37,'74A/66 Hartmann Street, San Francisco 3368 Kalinga'),(84,'Miller','Viva',27,'83A/07 Kertzmann Street, Jolo 8013 Mountain Province'),(85,'Runolfsson','Roma',19,'90A/29 Erdman Street, Maasin City 8376 Zamboanga del Sur'),(86,'Harber','Maya',21,'73A Hills Street, Poblacion, Talisay 7465 Bulacan'),(87,'VonRueden','Caden',28,'00A Grady Street, Alcantara 5206 Siquijor'),(88,'Wilkinson','King',12,'42/30 Fadel Street, Bolinao 1834 Kalinga'),(89,'Schmitt','Kelton',22,'80A Little Street, Poblacion, Calapan 3413 Bohol'),(90,'Blanda','Alexandrine',44,'12/53 Paucek Street, Naawan 6071 Sorsogon'),(91,'Kuhn','Otis',21,'79A/32 Gorczany Street, Poblacion, Calapan 9371 Antique'),(92,'Lemke','Lucienne',45,'89/02 Huel Street, Marawi City 8545 Northern Samar'),(93,'Mosciski','Neil',45,'59 Parisian Street, Poblacion, Sagay 8842 Ilocos Norte'),(94,'Pfeffer','Joshuah',37,'41 Shields Street, Poblacion, Isabela 7471 Aurora'),(95,'Fadel','Arnold',50,'34A/65 McClure Street, Poblacion, San Juan 7830 Dinagat Islands'),(96,'Kub','Mortimer',21,'92 Frami Street, Mendez 5062 Romblon'),(97,'Davis','Clarissa',46,'27A/35 Lubowitz Street, San Dionisio 6704 Nueva Vizcaya'),(98,'Emmerich','Eleazar',49,'01A Terry Street, Poblacion, Iligan 3928 Metro Manila'),(99,'Windler','Ambrose',28,'04A/59 Stamm Street, Lazi 6521 Occidental Mindoro'),(100,'Kling','Matilda',17,'25A Blick Street, Poblacion, Trece Martires 4515 Siquijor'),(101,'Beahan','Kenna',50,'87A/63 Hoppe Street, Poblacion, Catbalogan 0864 Masbate'),(102,'Mertz','Virginie',42,'26A/13 Sipes Street, Poblacion, Candon 6654 Negros Oriental'),(103,'Braun','Makenna',14,'46A Rice Street, Poblacion, Tagbilaran 6548 Masbate'),(104,'Feest','Marty',3,'59A/23 Murray Street, Poblacion, Cebu City 6288 Mountain Province'),(105,'Kiehn','Rae',12,'94A/82 Harvey Street, Poblacion, San Fernando 8900 Zamboanga del Sur'),(106,'Kshlerin','Peggie',16,'29 Jacobson Street, Pontevedra 0094 Zambales'),(107,'Fadel','Lindsay',22,'84 Thiel Street, Poblacion, Cabadbaran 4512 Aurora'),(108,'Blanda','Elsie',44,'37A Davis Street, Poblacion, Bacolod 4752 Ilocos Norte'),(109,'Balistreri','Oleta',37,'55 Zemlak Street, Poblacion, Angeles 6377 Cagayan'),(110,'White','Rickey',40,'88 Schultz Street, Bokod 5113 Sorsogon'),(111,'Wisozk','Creola',27,'53/76 Lemke Street, Tupi 7820 Apayao'),(112,'Romaguera','Jennyfer',13,'34 Schroeder Street, Caoayan 2024 Catanduanes'),(113,'Crist','Zander',37,'49A Stracke Street, Quezon 1226 Dinagat Islands'),(114,'White','Dan',49,'82/81 Spinka Street, Poblacion, Tabaco 2215 Aurora'),(115,'Keeling','Laurel',44,'47 Johns Street, Poblacion, Laoag 6920 Kalinga'),(116,'Koch','Vern',34,'17/69 Fisher Street, Lakewood 2232 Cebu'),(117,'Lakin','Tiana',25,'61/08 Wunsch Street, Poblacion, Santiago 6887 Sorsogon'),(118,'Little','Samantha',13,'92/24 Dach Street, Coron 7569 Batangas'),(119,'Olson','Trever',31,'19A Marquardt Street, Compostela 9620 Apayao'),(120,'Zemlak','Hope',41,'75A Grant Street, San Gabriel 2354 Iloilo'),(121,'Kreiger','Reagan',47,'40A/01 Krajcik Street, San Fabian 8348 Cagayan'),(122,'Lind','Durward',41,'25/99 Douglas Street, Poblacion, Tangub 6470 Compostela Valley'),(123,'Ledner','Velda',44,'30A/88 Greenfelder Street, Pambujan 9743 Benguet'),(124,'Yundt','Grace',37,'58/10 Beer Street, Poblacion, Isabela 5092 Zambales'),(125,'Dare','Shane',40,'39A/85 Schmeler Street, Poblacion, Danao 4227 Rizal'),(126,'Hahn','Mark',33,'90 Windler Street, Poblacion, Navotas 4340 Sulu'),(127,'Gibson','Kaya',10,'42A Glover Street, Agutaya 4522 Davao del Norte'),(128,'Schultz','Josiane',9,'29 Herzog Street, Ambaguio 9507 Antique'),(129,'Renner','Cordell',10,'78A Gaylord Street, Ilagan City 7609 Cebu'),(130,'Leuschke','Amari',5,'39 Mertz Street, Poblacion, Butuan 9119 Cebu'),(131,'Jerde','Dave',50,'77A Kessler Street, Poblacion, Legazpi 3140 Surigao del Sur'),(132,'Considine','Brennan',12,'38/63 Bahringer Street, Jones 7705 Romblon'),(133,'Luettgen','Emelie',13,'71A Kreiger Street, Sagbayan 1271 Romblon'),(134,'Yundt','Sammy',30,'21 Kris Street, Rizal 2556 Masbate'),(135,'Stanton','Lucio',5,'40 Mraz Street, Poblacion, Tacloban 8444 Ilocos Norte'),(136,'Zieme','Dawn',33,'48 Wuckert Street, Poblacion, Kidapawan 6471 Kalinga'),(137,'Rempel','Alisha',23,'77A/97 Runte Street, Poblacion, Tangub 9574 Lanao del Norte'),(138,'Braun','Malvina',50,'10A/22 Kassulke Street, Poblacion, Puerto Princesa 6849 Romblon'),(139,'Koss','Berta',13,'31 Kshlerin Street, Poblacion, Santiago 9412 Ilocos Norte'),(140,'Boyle','Clementine',8,'21A/67 Ullrich Street, Poblacion, Bayugan 6992 Capiz'),(141,'Marvin','Ethelyn',9,'12 Huels Street, Poblacion, Tarlac City 3118 Agusan del Norte'),(142,'Fritsch','Aliyah',17,'51A Cartwright Street, Poblacion, General Santos 1458 Tawi-Tawi'),(143,'Casper','Mohamed',34,'79A/07 Schulist Street, Casiguran 3413 Zamboanga Sibugay'),(144,'Monahan','Janis',18,'16/22 Mann Street, Canlaon City 5197 Catanduanes'),(145,'Murray','Ari',13,'56/81 Bechtelar Street, Lazi 2527 Compostela Valley'),(146,'Koelpin','Madie',46,'27/66 Wolff Street, Ozamiz City 9098 Capiz'),(147,'Braun','Alford',8,'52A Morar Street, Buldon 8337 Misamis Oriental'),(148,'Brekke','Kianna',40,'18/77 Lueilwitz Street, Mahinog 7360 Camarines Norte'),(149,'Schultz','Jay',42,'45A/13 Kulas Street, Muntinlupa 4668 Bohol'),(150,'Gerlach','Esmeralda',17,'09 Kautzer Street, Poblacion, Mabalacat 1839 Antique'),(151,'Mitchell','Sibyl',31,'15/99 Pfannerstill Street, Baras 0138 Zamboanga del Norte'),(152,'Skiles','Chadrick',48,'02A/11 Murazik Street, Poblacion, San Carlos 0692 Isabela'),(153,'Kshlerin','Noemi',24,'80 Feil Street, Poblacion, Himamaylan 6612 Cavite'),(154,'Moen','Zaria',41,'36/67 VonRueden Street, Poblacion, San Juan 8182 Misamis Occidental'),(155,'Runolfsdottir','Leonardo',29,'05A/25 Corkery Street, Batuan 3232 Batanes'),(156,'Smith','Lesley',18,'62/75 Kulas Street, Poblacion, Santiago 5951 Negros Occidental'),(157,'Ziemann','Savanah',11,'01A/01 Kuvalis Street, Enrile 9624 Lanao del Norte'),(158,'Ferry','Katrine',46,'09 Boyle Street, Bantay 5459 Masbate'),(159,'Doyle','Violette',49,'86/05 Kub Street, Barcelona 4634 Cotabato'),(160,'Reilly','King',42,'90 Schultz Street, Tabogon 4414 Rizal'),(161,'Collier','Ilene',2,'28A Mayert Street, Tangcal 3787 Rizal'),(162,'Hoeger','Rhiannon',50,'65 Bednar Street, Poblacion, Bais 8344 Albay'),(163,'Borer','Bertrand',12,'45 Schamberger Street, Mabini 2817 Cotabato'),(164,'Waters','Ryder',12,'16A Kub Street, Basista 7852 Aklan'),(165,'Schamberger','Bria',11,'07 Jaskolski Street, Santa Cruz 5446 Ifugao'),(166,'Buckridge','Lewis',42,'64A/63 Hackett Street, Claver 0670 Masbate'),(167,'Dickinson','Connor',3,'10A/77 Senger Street, Poblacion, Pasig 9783 Metro Manila'),(168,'Quigley','Jeffry',29,'36/94 Littel Street, Puerto Galera 4072 Davao Oriental'),(169,'Bechtelar','Anais',44,'38A/67 Terry Street, Baler 1031 Masbate'),(170,'Bosco','Shana',33,'11/14 Flatley Street, Rosario 0502 Sarangani'),(171,'Ryan','Alex',3,'96A/15 Koepp Street, Poblacion, Mandaluyong 0757 Ilocos Norte'),(172,'Sanford','Devon',8,'14A/45 Windler Street, Toboso 9147 Bukidnon'),(173,'Kutch','Jaycee',8,'98A Durgan Street, Poblacion, San Pedro 0903 Occidental Mindoro'),(174,'Dooley','Vaughn',43,'42A/77 Borer Street, Poblacion, Antipolo 2065 Bukidnon'),(175,'Rippin','Emery',17,'90A Pfannerstill Street, Borbon 9566 Eastern Samar'),(176,'Rippin','Dawson',29,'47A/94 Grady Street, Poblacion, Tanjay 4932 Eastern Samar'),(177,'Kris','Jazmin',33,'50A Bednar Street, Poblacion, Naga 1299 Cotabato'),(178,'Rolfson','Brandy',29,'82A/71 Borer Street, Poblacion, Legazpi 1069 Cotabato'),(179,'Boyle','Abby',14,'60A/43 Rowe Street, Poblacion, Urdaneta 4163 Negros Occidental'),(180,'Graham','Leopold',17,'95A/81 Abernathy Street, Poblacion, Toledo 6125 Surigao del Sur'),(181,'Metz','Evert',13,'73/69 Zemlak Street, Poblacion, Muñoz 8731 Agusan del Norte'),(182,'Schmeler','Krystina',20,'13/11 Hamill Street, Tungawan 0200 Dinagat Islands'),(183,'Muller','Selmer',22,'40/03 Marquardt Street, President Carlos P. Garcia 6774 Ilocos Sur'),(184,'Deckow','Yasmin',14,'33/97 Torphy Street, Poblacion, Tacurong 0984 Surigao del Norte'),(185,'Dicki','German',31,'99A/34 Kuhlman Street, Poblacion, Roxas 8804 Nueva Ecija'),(186,'Smitham','Federico',47,'49/32 Little Street, Ampatuan 1503 Masbate'),(187,'Blanda','Mattie',36,'51A/17 Lehner Street, Mallig 9677 Guimaras'),(188,'Hammes','Berta',25,'87/16 Smitham Street, Ayungon 2394 Cotabato'),(189,'Labadie','Baby',26,'74A/41 Moen Street, Bolinao 0555 Cotabato'),(190,'Hammes','Fidel',19,'02 Terry Street, Lupi 7868 Pampanga'),(191,'Zulauf','Retta',44,'86/20 Koepp Street, Magsaysay 7262 Cagayan'),(192,'Heidenreich','Tyler',10,'41/29 Schaden Street, Rosario 1066 Pangasinan'),(193,'Breitenberg','Demarco',45,'29/53 Hermann Street, Lubang 7186 Misamis Oriental'),(194,'Pacocha','Joan',34,'62 Schmitt Street, Kumalarang 5137 Abra'),(195,'Lakin','Kari',46,'32/44 White Street, San Juan 8853 Romblon'),(196,'Batz','June',50,'26 Ziemann Street, Arakan 4049 Tarlac'),(197,'Legros','Rosalia',28,'44A Kemmer Street, Biñan City 4502 Bataan'),(198,'Kertzmann','Zella',22,'64A/28 Reichert Street, Poblacion, Davao City 8158 Cebu'),(199,'Leffler','Pascale',42,'11 Miller Street, Quezon 0860 Maguindanao'),(200,'Schoen','Paris',35,'10A/38 Cartwright Street, Del Carmen 7468 Nueva Vizcaya');
/*!40000 ALTER TABLE `employee` ENABLE KEYS */;
UNLOCK TABLES;

--
-- Table structure for table `office`
--

DROP TABLE IF EXISTS `office`;
/*!40101 SET @saved_cs_client     = @@character_set_client */;
/*!50503 SET character_set_client = utf8mb4 */;
CREATE TABLE `office` (
  `id` int NOT NULL AUTO_INCREMENT,
  `name` varchar(45) NOT NULL,
  `contactnum` varchar(45) DEFAULT NULL,
  `email` varchar(45) DEFAULT NULL,
  `address` text,
  `city` varchar(45) DEFAULT NULL,
  `country` varchar(45) DEFAULT NULL,
  `postal` int DEFAULT NULL,
  PRIMARY KEY (`id`)
) ENGINE=InnoDB AUTO_INCREMENT=51 DEFAULT CHARSET=utf8mb4 COLLATE=utf8mb4_0900_ai_ci;
/*!40101 SET character_set_client = @saved_cs_client */;

--
-- Dumping data for table `office`
--

LOCK TABLES `office` WRITE;
/*!40000 ALTER TABLE `office` DISABLE KEYS */;
INSERT INTO `office` VALUES (1,'Pacocha Ltd','(694)195-7804x11474','Evelyn40@yahoo.com','00A Fahey Street, Cadiz City 2802 Bulacan','Valencia','Philippines',8480),(2,'Wiegand-Johnson','1-936-961-2617x5492','pKrajcik@gmail.com','11/10 Herman Street, Kiblawan 2417 Sulu','Tacloban','Philippines',8403),(3,'Purdy Inc','1-839-502-7942x05763','Jones.Mozell@Schneider.com','55 Haag Street, Tuba 0867 Pangasinan','Antipolo','Philippines',3851),(4,'Beatty Inc','(922)949-7246x346','Colton70@Stehr.com','41/29 Swaniawski Street, Poblacion, Marawi 7373 Laguna','Pasay','Philippines',4885),(5,'Renner, Haag and Douglas','09322964147','Elvie85@yahoo.com','36A/33 Bayer Street, Poblacion, General Santos 4672 Pangasinan','Bislig','Philippines',8898),(6,'Cremin, Ondricka and Schulist','1-259-676-5618','Ernest.Corwin@Koelpin.info','51/94 Denesik Street, Godod 2034 Ifugao','Tagbilaran','Philippines',6877),(7,'Tillman PLC','(225)025-8003','Max.Sanford@hotmail.com','95A Fisher Street, Romblon 2831 Agusan del Sur','Marawi','Philippines',5723),(8,'Torp LLC','09906320160','Terry.Cassandra@gmail.com','73A Spinka Street, Silvino Lobos 8090 Lanao del Sur','Vigan','Philippines',1478),(9,'Wisoky-Heaney','1-929-045-0163','Cletus.Schmitt@hotmail.com','00A/50 Stokes Street, Poblacion, Panabo 8421 Misamis Oriental','Bago','Philippines',3727),(10,'Ryan Ltd','(286)171-0520x36097','fJaskolski@Ankunding.com','53A Runolfsdottir Street, Poblacion, Biñan 1517 Surigao del Sur','Naga','Philippines',642),(11,'Parker, Hirthe and Barton','489.110.2003x35647','Deckow.Kailyn@gmail.com','88 Kulas Street, Poblacion, Batangas City 3554 Compostela Valley','Marikina','Philippines',9285),(12,'Robel-Gleason','(825)680-3446','Oma.Purdy@hotmail.com','79A Gleichner Street, Hingyon 8190 Agusan del Norte','Digos','Philippines',611),(13,'Jacobson-Pagac','365.565.6343x51878','Nolan.Eunice@yahoo.com','91A Kris Street, Poblacion, Toledo 9717 Davao Oriental','Tangub','Philippines',7667),(14,'Nicolas, Schoen and Donnelly','136.012.4736','nTurcotte@yahoo.com','56A Towne Street, Poblacion, Ilagan 1053 Quezon','Makati','Philippines',3548),(15,'Bechtelar-Friesen','(952)860-3415x464','King.Sydnee@Zemlak.net','52A/14 Wiza Street, Poblacion, Kidapawan 1221 Guimaras','Dasmariñas','Philippines',6554),(16,'Blick, Corwin and Wiegand','(863)425-8090','nDonnelly@Stracke.net','31A/20 Pagac Street, Poblacion, Zamboanga City 3416 Bohol','Ligao','Philippines',4331),(17,'Gusikowski, Hodkiewicz and Tremblay','974.094.0806x233','Oren56@gmail.com','68/95 Rohan Street, Poblacion, Tabaco 1190 Cavite','Danao','Philippines',9689),(18,'Schuster-Price','(789)817-1146x16208','Elmer.Schulist@gmail.com','17A/42 Price Street, Virac 2469 Aklan','Masbate City','Philippines',5847),(19,'Reinger-Luettgen','671-533-0688','Aleen54@yahoo.com','35A/73 Auer Street, Poblacion, Toledo 8282 La Union','Digos','Philippines',4114),(20,'Veum and Sons','402-695-5571x2148','Rolfson.Tania@yahoo.com','51/10 Hermiston Street, Poblacion, Cabanatuan 9892 La Union','Dipolog','Philippines',2751),(21,'Beahan-Thiel','(373)112-4272','Darrin.Runolfsson@gmail.com','98/06 Hagenes Street, Poblacion, Laoag 7282 Sorsogon','Urdaneta','Philippines',7),(22,'Vandervort, Cummings and Pacocha','00479401741','Samir67@Spinka.biz','61 Armstrong Street, Poblacion, Tandag 0776 Pampanga','Iriga','Philippines',9181),(23,'Hilpert, Haag and Hane','284-174-3174','aSchmidt@Wolff.com','41A/54 Kovacek Street, Poblacion, Marawi 3026 Compostela Valley','Cabuyao','Philippines',7069),(24,'Price and Sons','(834)482-8941x35189','xLittel@yahoo.com','94/32 Harber Street, Santo Niño 3113 Zambales','Dapitan','Philippines',3023),(25,'Green-Hoppe','1-977-292-5364','Wehner.Kelli@yahoo.com','21 Heathcote Street, Poblacion, Sipalay 4057 Antique','Tabaco','Philippines',605),(26,'Weimann, Lindgren and Denesik','(062)757-9718','Zulauf.Floy@Crona.net','53 Jast Street, Poblacion, Mabalacat 3869 Davao Oriental','Marikina','Philippines',1245),(27,'Wiegand Ltd','1-264-494-7825x07906','Audra.Donnelly@Zboncak.biz','64A/41 Kuhlman Street, Poblacion, Las Piñas 3680 Camarines Sur','Batangas City','Philippines',7440),(28,'Bradtke Group','(026)491-8449x7176','oHermiston@hotmail.com','79/89 Schulist Street, Poblacion, Bacolod 0486 Surigao del Norte','Maasin','Philippines',667),(29,'Schiller-Witting','(151)819-0159','Kiehn.Alayna@gmail.com','78A Stehr Street, Poblacion, Samal 5976 Davao del Norte','Samal','Philippines',7624),(30,'Herzog LLC','(072)777-0491x613','Alexandra.Emard@Beatty.com','78A/87 Ortiz Street, Dinagat 1368 Abra','Candon','Philippines',3246),(31,'Shields-Prosacco','665-757-7422x11124','bRath@gmail.com','25/43 Prohaska Street, Bagumbayan 7678 Batanes','Kabankalan','Philippines',5742),(32,'Kuhic, Bechtelar and Howell','825.734.6963','Roy.Koepp@Wuckert.com','48A/51 Olson Street, Poblacion, Naga 2990 Lanao del Sur','Guihulngan','Philippines',7507),(33,'Durgan Group','(276)424-5795x0392','Zboncak.Jazmyne@Mills.com','18/56 Volkman Street, Poblacion, Danao 9335 Occidental Mindoro','Tayabas','Philippines',3935),(34,'Stark, Conn and Stoltenberg','744-380-9761x145','vToy@yahoo.com','99A Kuphal Street, San Jose 3812 Abra','Tanjay','Philippines',9126),(35,'Watsica, Farrell and Hilpert','393-222-5965','Tromp.Weston@yahoo.com','03A Runolfsson Street, Sofronio Española 7554 Eastern Samar','Sorsogon City','Philippines',345),(36,'Hauck-Douglas','273.470.4122','Akeem68@yahoo.com','57 Hessel Street, Luna 2976 Catanduanes','Canlaon','Philippines',4334),(37,'Welch-Raynor','014-137-7598x1455','Raven.Swaniawski@Kris.biz','83A Cremin Street, Poblacion, General Santos 5344 Camiguin','Malolos','Philippines',7447),(38,'Langworth PLC','02848094957','Hintz.Paxton@gmail.com','25A Rolfson Street, Salug 1303 Camarines Sur','General Santos','Philippines',5932),(39,'Mitchell, Kuhic and Runte','1-173-131-9959x5166','Lindsay.Jast@Marks.net','39A/46 Emmerich Street, Poblacion, Meycauayan 8175 Lanao del Norte','Vigan','Philippines',7737),(40,'Ebert Inc','723.887.0458','jKlocko@hotmail.com','12 Rempel Street, Poblacion, Sagay 4026 Occidental Mindoro','Ormoc','Philippines',5867),(41,'Luettgen and Sons','(414)893-9329x97763','Senger.Mustafa@Medhurst.com','51A/75 Yost Street, Poblacion, Lucena 0620 Negros Oriental','Las Piñas','Philippines',4187),(42,'Hagenes and Sons','1-678-018-5597x144','Abernathy.Nora@gmail.com','97A Heidenreich Street, Santa Marcela 8056 Guimaras','Bislig','Philippines',6946),(43,'Frami, Abbott and Conn','032-793-8194x13050','oPacocha@Lockman.biz','84/22 Erdman Street, Poblacion, Kabankalan 9419 Samar','Cabanatuan','Philippines',7612),(44,'Jakubowski, Donnelly and Klocko','645-996-8670x07464','bGusikowski@hotmail.com','15A Kessler Street, Poblacion, Samal 6821 Laguna','Caloocan','Philippines',986),(45,'Konopelski-Windler','(572)501-5957x39742','Tyrel.Yundt@Reichert.com','53A Stokes Street, Poblacion, Bislig 7334 Biliran','Himamaylan','Philippines',944),(46,'Considine, Friesen and Kerluke','439.854.5729x54102','bCrona@yahoo.com','66A/67 Rempel Street, Lobo 2430 Samar','Ligao','Philippines',2323),(47,'Crist-Koelpin','(171)874-7905x1044','Hilda39@yahoo.com','44/63 Strosin Street, Poblacion, Cadiz 4304 Misamis Occidental','San Jose del Monte','Philippines',4896),(48,'Kessler-Kessler','1-416-549-2068x6782','Fritsch.Jessy@Lubowitz.com','81/93 Gleason Street, Poblacion, Kabankalan 1279 Masbate','Tuguegarao','Philippines',8434),(49,'Stroman-Wiza','+77(1)0674885089','Purdy.Juston@yahoo.com','02A Cremin Street, Poblacion, Calbayog 9327 Laguna','Bacoor','Philippines',6130),(50,'Russel, Hauck and Kirlin','+32(5)1520020887','Skyla99@Stark.com','78A/26 Crist Street, Banga 7338 Lanao del Sur','Butuan','Philippines',6662);
/*!40000 ALTER TABLE `office` ENABLE KEYS */;
UNLOCK TABLES;

--
-- Table structure for table `transaction`
--

DROP TABLE IF EXISTS `transaction`;
/*!40101 SET @saved_cs_client     = @@character_set_client */;
/*!50503 SET character_set_client = utf8mb4 */;
CREATE TABLE `transaction` (
  `id` int NOT NULL AUTO_INCREMENT,
  `employee_id` int DEFAULT NULL,
  `office_id` int DEFAULT NULL,
  `datelog` datetime DEFAULT CURRENT_TIMESTAMP,
  `action` enum('IN','OUT','COMPLETE') DEFAULT NULL,
  `remarks` varchar(100) DEFAULT NULL,
  `documentcode` varchar(45) NOT NULL,
  PRIMARY KEY (`id`)
) ENGINE=InnoDB AUTO_INCREMENT=501 DEFAULT CHARSET=utf8mb4 COLLATE=utf8mb4_0900_ai_ci;
/*!40101 SET character_set_client = @saved_cs_client */;

--
-- Dumping data for table `transaction`
--

LOCK TABLES `transaction` WRITE;
/*!40000 ALTER TABLE `transaction` DISABLE KEYS */;
INSERT INTO `transaction` VALUES (1,198,8,'1982-08-18 10:01:44','IN','commodi','629316224(1 = 100, now = 400)'),(2,146,3,'2020-03-02 01:14:44','COMPLETE','atque','1171498304(1 = 100, now = 400)'),(3,103,33,'2019-08-08 05:07:49','COMPLETE','debitis','1817031874(1 = 100, now = 400)'),(4,114,21,'2013-05-13 08:21:33','IN','numquam','1533366128(1 = 100, now = 400)'),(5,135,22,'1983-05-30 19:08:08','OUT','ea','35393370(1 = 100, now = 400)'),(6,124,45,'1988-01-07 08:12:12','OUT','qui','1523740129(1 = 100, now = 400)'),(7,23,45,'2009-01-13 05:50:24','IN','sunt','1596972354(1 = 100, now = 400)'),(8,99,17,'1980-12-10 21:09:21','OUT','aliquid','1083430638(1 = 100, now = 400)'),(9,38,18,'1974-11-20 00:20:42','COMPLETE','et','318409431(1 = 100, now = 400)'),(10,6,29,'1978-07-14 05:55:11','OUT','commodi','260308726(1 = 100, now = 400)'),(11,2,35,'1995-09-16 06:14:15','OUT','labore','605379053(1 = 100, now = 400)'),(12,25,39,'1997-02-01 19:08:17','IN','quas','362191112(1 = 100, now = 400)'),(13,119,37,'1978-10-21 21:37:20','COMPLETE','accusantium','620259655(1 = 100, now = 400)'),(14,116,14,'2023-06-03 10:19:44','COMPLETE','tenetur','1866957398(1 = 100, now = 400)'),(15,23,15,'1977-04-03 18:01:08','IN','voluptatem','1350594088(1 = 100, now = 400)'),(16,150,32,'1998-09-05 14:17:01','OUT','cumque','459762560(1 = 100, now = 400)'),(17,93,46,'1972-10-09 04:39:28','COMPLETE','aut','1126961582(1 = 100, now = 400)'),(18,42,19,'2011-08-01 13:02:23','IN','et','390871678(1 = 100, now = 400)'),(19,119,50,'1994-07-19 19:41:36','COMPLETE','cumque','310041615(1 = 100, now = 400)'),(20,62,45,'2002-02-22 21:18:03','OUT','voluptatem','2062310554(1 = 100, now = 400)'),(21,91,30,'2013-11-09 02:46:06','IN','vero','1961274774(1 = 100, now = 400)'),(22,151,23,'2009-11-12 12:30:09','OUT','culpa','2017609802(1 = 100, now = 400)'),(23,153,2,'1999-10-08 00:24:42','COMPLETE','culpa','1651484091(1 = 100, now = 400)'),(24,185,4,'1997-05-05 15:21:44','COMPLETE','omnis','518365292(1 = 100, now = 400)'),(25,57,35,'2018-03-01 23:06:28','OUT','dolore','1462122618(1 = 100, now = 400)'),(26,143,4,'1979-11-19 04:46:31','OUT','alias','1350436350(1 = 100, now = 400)'),(27,188,18,'1995-06-14 14:05:49','IN','cumque','1769535379(1 = 100, now = 400)'),(28,79,47,'2012-01-11 05:22:14','COMPLETE','deserunt','802604457(1 = 100, now = 400)'),(29,79,17,'2007-11-21 00:06:33','IN','ut','1708257233(1 = 100, now = 400)'),(30,84,34,'2018-05-26 18:53:38','OUT','earum','374746596(1 = 100, now = 400)'),(31,58,7,'2014-10-27 22:45:55','IN','commodi','598127213(1 = 100, now = 400)'),(32,135,5,'1984-02-07 22:13:40','IN','est','1169390168(1 = 100, now = 400)'),(33,11,11,'2023-03-23 03:42:31','OUT','et','1930497990(1 = 100, now = 400)'),(34,153,7,'1978-11-01 00:38:30','OUT','reiciendis','946517148(1 = 100, now = 400)'),(35,118,12,'2006-05-13 20:03:24','COMPLETE','suscipit','1068989893(1 = 100, now = 400)'),(36,97,35,'2000-09-13 13:16:36','OUT','illo','350616645(1 = 100, now = 400)'),(37,57,40,'1979-06-16 09:26:24','OUT','cumque','542871185(1 = 100, now = 400)'),(38,86,16,'2023-06-04 01:32:57','COMPLETE','et','282446237(1 = 100, now = 400)'),(39,42,5,'2006-01-14 01:15:28','IN','accusantium','1207881005(1 = 100, now = 400)'),(40,62,2,'2019-01-22 12:06:59','COMPLETE','soluta','1713652377(1 = 100, now = 400)'),(41,110,44,'1980-01-19 04:52:49','OUT','soluta','1170314927(1 = 100, now = 400)'),(42,134,44,'1981-03-23 01:03:35','IN','quae','1410806888(1 = 100, now = 400)'),(43,152,6,'1987-11-06 21:41:10','COMPLETE','sint','1181253423(1 = 100, now = 400)'),(44,16,47,'1991-09-03 23:59:24','OUT','eum','1809841437(1 = 100, now = 400)'),(45,81,5,'2012-02-06 01:10:01','COMPLETE','repudiandae','1729515652(1 = 100, now = 400)'),(46,138,27,'2019-02-07 18:52:54','COMPLETE','sed','2000653953(1 = 100, now = 400)'),(47,145,22,'1995-05-04 08:30:13','IN','magnam','1956517069(1 = 100, now = 400)'),(48,59,5,'2023-08-23 02:11:00','COMPLETE','quisquam','267332711(1 = 100, now = 400)'),(49,19,30,'1995-08-14 02:34:17','OUT','fugit','1266831499(1 = 100, now = 400)'),(50,146,31,'1988-12-24 14:30:11','IN','accusantium','163784922(1 = 100, now = 400)'),(51,71,12,'2020-05-03 15:02:40','IN','nulla','88838396(1 = 100, now = 400)'),(52,7,32,'2020-12-04 09:37:02','COMPLETE','voluptas','2110479010(1 = 100, now = 400)'),(53,113,32,'2013-01-19 03:19:14','OUT','eum','831501007(1 = 100, now = 400)'),(54,88,45,'1975-01-20 04:20:11','IN','quia','1200123603(1 = 100, now = 400)'),(55,193,7,'2022-07-15 02:56:45','COMPLETE','et','1335832627(1 = 100, now = 400)'),(56,99,23,'1985-10-26 13:50:05','COMPLETE','quia','91201022(1 = 100, now = 400)'),(57,149,27,'1985-06-21 18:04:46','OUT','quia','1010707413(1 = 100, now = 400)'),(58,73,32,'1990-01-02 21:26:09','IN','voluptates','790786801(1 = 100, now = 400)'),(59,197,46,'2019-12-23 20:31:54','COMPLETE','rerum','1305852582(1 = 100, now = 400)'),(60,199,41,'2001-05-13 17:00:01','OUT','explicabo','941726560(1 = 100, now = 400)'),(61,64,44,'2018-03-29 07:10:16','OUT','et','1041673902(1 = 100, now = 400)'),(62,25,26,'1989-05-11 22:26:15','IN','dolor','456090095(1 = 100, now = 400)'),(63,73,47,'2009-09-05 09:05:34','OUT','aliquam','827135237(1 = 100, now = 400)'),(64,179,11,'1973-08-07 16:46:33','IN','voluptatem','1209662686(1 = 100, now = 400)'),(65,159,48,'1974-05-21 14:25:21','OUT','reprehenderit','1474198506(1 = 100, now = 400)'),(66,16,12,'2008-07-19 19:51:24','IN','minima','1075923926(1 = 100, now = 400)'),(67,79,48,'2000-12-19 16:48:53','OUT','et','1894934718(1 = 100, now = 400)'),(68,139,23,'1981-12-29 11:06:36','COMPLETE','dolor','2007473181(1 = 100, now = 400)'),(69,48,2,'2002-09-22 02:27:14','IN','deleniti','756266246(1 = 100, now = 400)'),(70,58,31,'1994-03-15 20:41:36','IN','laborum','804028502(1 = 100, now = 400)'),(71,102,7,'1983-12-01 23:30:22','IN','voluptatem','1940549638(1 = 100, now = 400)'),(72,162,47,'2013-11-21 23:03:13','COMPLETE','velit','1728936140(1 = 100, now = 400)'),(73,130,22,'1987-05-04 20:27:10','COMPLETE','aliquam','1213630434(1 = 100, now = 400)'),(74,102,48,'1992-07-21 06:30:42','OUT','sit','1218808229(1 = 100, now = 400)'),(75,185,42,'1983-01-10 17:25:03','OUT','qui','207720388(1 = 100, now = 400)'),(76,167,27,'1992-01-12 11:02:25','OUT','sit','1767934245(1 = 100, now = 400)'),(77,20,25,'1990-01-21 00:02:45','IN','facilis','1820137621(1 = 100, now = 400)'),(78,100,6,'1999-12-29 16:31:06','IN','aut','635093879(1 = 100, now = 400)'),(79,126,38,'1996-03-06 09:43:57','IN','ducimus','1885744935(1 = 100, now = 400)'),(80,119,7,'2001-04-28 02:49:24','IN','corporis','1748194116(1 = 100, now = 400)'),(81,190,11,'1992-02-09 19:49:05','COMPLETE','architecto','1304406885(1 = 100, now = 400)'),(82,154,13,'1979-07-14 15:46:06','IN','est','401867212(1 = 100, now = 400)'),(83,10,6,'1982-03-24 09:22:48','IN','enim','252471418(1 = 100, now = 400)'),(84,123,13,'1997-05-31 16:33:30','IN','rerum','44284308(1 = 100, now = 400)'),(85,199,23,'1981-07-05 20:17:34','IN','modi','1266886669(1 = 100, now = 400)'),(86,87,16,'2010-09-28 19:59:07','COMPLETE','aperiam','2015246937(1 = 100, now = 400)'),(87,178,49,'2008-10-30 11:11:46','COMPLETE','in','1105462306(1 = 100, now = 400)'),(88,37,35,'1987-03-18 19:44:01','OUT','voluptas','541146180(1 = 100, now = 400)'),(89,56,43,'1974-07-27 21:29:03','OUT','sit','594780063(1 = 100, now = 400)'),(90,56,46,'2017-02-19 23:14:57','IN','delectus','1953364974(1 = 100, now = 400)'),(91,146,21,'1979-05-03 15:48:26','COMPLETE','ipsum','1525532449(1 = 100, now = 400)'),(92,138,8,'2022-12-18 02:54:46','OUT','iusto','2062236563(1 = 100, now = 400)'),(93,53,40,'2005-12-28 16:29:39','OUT','voluptas','1737992173(1 = 100, now = 400)'),(94,149,27,'1985-07-01 11:00:36','IN','veritatis','342405058(1 = 100, now = 400)'),(95,181,32,'1999-04-21 20:36:58','IN','rerum','1450511924(1 = 100, now = 400)'),(96,175,10,'1973-10-06 17:50:59','IN','esse','703272124(1 = 100, now = 400)'),(97,63,17,'2007-04-22 09:23:41','OUT','earum','752129672(1 = 100, now = 400)'),(98,190,42,'1975-12-06 12:03:22','OUT','qui','815367286(1 = 100, now = 400)'),(99,48,50,'1994-10-31 08:39:03','OUT','facilis','843711318(1 = 100, now = 400)'),(100,147,4,'2001-09-27 21:20:55','OUT','necessitatibus','1687400468(1 = 100, now = 400)'),(101,154,26,'1980-01-17 11:21:15','OUT','et','1558011648(1 = 100, now = 400)'),(102,192,49,'2002-12-25 03:43:21','IN','qui','1381062566(1 = 100, now = 400)'),(103,159,27,'1992-02-20 01:37:16','OUT','dolorem','255047924(1 = 100, now = 400)'),(104,44,19,'2002-07-21 13:15:16','IN','sint','620261962(1 = 100, now = 400)'),(105,23,4,'1995-07-30 02:09:29','IN','nostrum','1825730116(1 = 100, now = 400)'),(106,124,35,'2007-12-06 21:21:20','IN','eaque','1799069080(1 = 100, now = 400)'),(107,104,24,'1992-12-10 07:49:09','IN','fugiat','307254921(1 = 100, now = 400)'),(108,69,47,'1980-02-12 09:14:15','OUT','doloremque','678563574(1 = 100, now = 400)'),(109,17,32,'2016-04-18 00:38:18','IN','eius','1605857127(1 = 100, now = 400)'),(110,115,45,'2012-12-28 05:03:17','OUT','voluptatem','1912497322(1 = 100, now = 400)'),(111,192,23,'2020-02-03 23:13:25','IN','reprehenderit','1358795026(1 = 100, now = 400)'),(112,20,27,'1990-07-25 17:28:54','OUT','possimus','1595518263(1 = 100, now = 400)'),(113,185,34,'1974-12-29 04:55:00','COMPLETE','eos','2042941077(1 = 100, now = 400)'),(114,48,34,'1997-04-04 23:44:36','IN','repellat','1665868290(1 = 100, now = 400)'),(115,40,34,'1974-03-02 06:06:02','OUT','quia','18859535(1 = 100, now = 400)'),(116,178,48,'1993-10-25 21:05:44','OUT','ipsum','2005875651(1 = 100, now = 400)'),(117,71,43,'1989-02-17 20:44:35','COMPLETE','reprehenderit','1020700890(1 = 100, now = 400)'),(118,15,5,'1983-09-08 03:29:45','COMPLETE','ducimus','286713989(1 = 100, now = 400)'),(119,69,20,'1989-12-24 20:52:47','IN','aliquam','384242647(1 = 100, now = 400)'),(120,104,11,'2021-02-13 14:12:58','COMPLETE','ut','1458581224(1 = 100, now = 400)'),(121,129,13,'2012-09-13 14:17:53','OUT','sequi','902554005(1 = 100, now = 400)'),(122,145,23,'2011-04-26 06:26:28','COMPLETE','doloremque','1872128420(1 = 100, now = 400)'),(123,110,22,'2019-11-13 04:03:32','OUT','dicta','1180947668(1 = 100, now = 400)'),(124,110,44,'2012-07-21 16:49:06','IN','itaque','1553641604(1 = 100, now = 400)'),(125,70,8,'2002-10-18 18:42:11','IN','sunt','170707952(1 = 100, now = 400)'),(126,89,16,'1998-06-03 04:32:35','COMPLETE','ut','1357390467(1 = 100, now = 400)'),(127,4,11,'1994-05-28 07:45:31','OUT','voluptates','486586548(1 = 100, now = 400)'),(128,145,36,'1989-02-22 21:26:19','OUT','fugit','224932433(1 = 100, now = 400)'),(129,162,17,'1981-03-18 19:22:00','IN','magni','1222923686(1 = 100, now = 400)'),(130,117,12,'1973-12-03 13:51:42','IN','est','1033381440(1 = 100, now = 400)'),(131,26,47,'2005-08-15 02:13:33','OUT','ut','1767782811(1 = 100, now = 400)'),(132,32,12,'1997-11-30 10:16:54','OUT','aut','1157192940(1 = 100, now = 400)'),(133,171,25,'2010-11-13 11:14:09','OUT','molestiae','48009287(1 = 100, now = 400)'),(134,182,9,'2020-04-15 21:39:10','COMPLETE','sunt','542138157(1 = 100, now = 400)'),(135,174,37,'1988-08-18 19:06:19','COMPLETE','quibusdam','1912859599(1 = 100, now = 400)'),(136,76,10,'2004-11-29 20:38:07','OUT','natus','1347885707(1 = 100, now = 400)'),(137,197,21,'2003-12-11 10:09:10','COMPLETE','modi','386448102(1 = 100, now = 400)'),(138,115,15,'2003-10-15 11:22:15','OUT','et','1226094515(1 = 100, now = 400)'),(139,151,20,'2010-09-28 11:46:16','COMPLETE','nostrum','900716748(1 = 100, now = 400)'),(140,198,12,'2011-07-06 00:03:43','IN','dolorum','558197046(1 = 100, now = 400)'),(141,195,48,'2004-04-04 00:03:47','OUT','nulla','1468637891(1 = 100, now = 400)'),(142,91,49,'1981-02-21 22:20:20','OUT','minima','1318914311(1 = 100, now = 400)'),(143,139,39,'1980-03-21 08:46:58','IN','quisquam','1780290349(1 = 100, now = 400)'),(144,30,17,'2014-05-17 23:16:05','OUT','et','1950792060(1 = 100, now = 400)'),(145,160,15,'1971-02-25 00:43:01','COMPLETE','fuga','1122286424(1 = 100, now = 400)'),(146,109,33,'2010-10-28 19:48:47','IN','et','1829012003(1 = 100, now = 400)'),(147,115,14,'2015-03-06 13:49:35','OUT','labore','2038762850(1 = 100, now = 400)'),(148,77,40,'1990-02-04 12:19:15','IN','ab','655856818(1 = 100, now = 400)'),(149,47,29,'1985-01-17 08:40:20','COMPLETE','minima','1982450360(1 = 100, now = 400)'),(150,68,7,'1970-09-14 04:08:40','OUT','cumque','1474867915(1 = 100, now = 400)'),(151,164,32,'2006-06-17 07:21:20','OUT','omnis','602170134(1 = 100, now = 400)'),(152,83,30,'1995-06-26 00:15:53','COMPLETE','et','767923728(1 = 100, now = 400)'),(153,184,34,'1999-05-17 00:28:24','IN','autem','254262512(1 = 100, now = 400)'),(154,108,40,'2019-10-31 06:59:05','COMPLETE','laudantium','1076963697(1 = 100, now = 400)'),(155,21,22,'1992-07-22 12:52:44','IN','cupiditate','40272656(1 = 100, now = 400)'),(156,25,33,'1990-02-26 08:08:28','IN','ullam','1437697516(1 = 100, now = 400)'),(157,191,11,'1980-08-16 11:45:32','COMPLETE','consequatur','1209564218(1 = 100, now = 400)'),(158,28,46,'2005-07-30 06:38:38','IN','et','398267822(1 = 100, now = 400)'),(159,99,37,'2016-03-20 20:17:34','IN','asperiores','1961197294(1 = 100, now = 400)'),(160,7,7,'2003-11-12 00:12:06','OUT','sit','464701681(1 = 100, now = 400)'),(161,144,31,'2021-02-08 02:11:02','IN','eaque','222553435(1 = 100, now = 400)'),(162,35,10,'2002-11-24 03:49:21','COMPLETE','esse','507938037(1 = 100, now = 400)'),(163,166,29,'1980-04-11 19:32:20','IN','unde','1222270383(1 = 100, now = 400)'),(164,1,3,'1972-10-24 22:54:01','OUT','soluta','1080047259(1 = 100, now = 400)'),(165,127,39,'1987-11-18 20:02:34','OUT','eius','1361429924(1 = 100, now = 400)'),(166,5,45,'2000-05-07 20:45:08','OUT','aut','1757357086(1 = 100, now = 400)'),(167,170,46,'1973-07-14 13:39:50','COMPLETE','ut','779017038(1 = 100, now = 400)'),(168,43,12,'2015-01-24 08:06:30','COMPLETE','atque','1965658480(1 = 100, now = 400)'),(169,130,47,'1978-08-01 19:27:13','IN','totam','1600548157(1 = 100, now = 400)'),(170,104,27,'1970-08-06 21:30:07','OUT','impedit','1692649160(1 = 100, now = 400)'),(171,141,23,'2019-08-13 20:42:31','COMPLETE','ducimus','720784469(1 = 100, now = 400)'),(172,95,35,'1993-03-12 18:11:08','IN','quo','1466777042(1 = 100, now = 400)'),(173,161,20,'1979-02-27 23:46:39','COMPLETE','omnis','464261785(1 = 100, now = 400)'),(174,116,46,'1977-05-03 14:25:20','COMPLETE','omnis','644962043(1 = 100, now = 400)'),(175,195,16,'1981-06-20 13:52:24','IN','sint','818784305(1 = 100, now = 400)'),(176,81,11,'1997-12-30 10:15:19','IN','atque','1188287276(1 = 100, now = 400)'),(177,72,2,'1989-01-24 18:39:58','OUT','sed','794889529(1 = 100, now = 400)'),(178,98,42,'2000-10-21 04:34:23','IN','illum','362911683(1 = 100, now = 400)'),(179,138,18,'2012-01-09 17:55:03','OUT','ipsa','987838157(1 = 100, now = 400)'),(180,132,23,'2008-12-26 19:32:06','COMPLETE','sed','1087122033(1 = 100, now = 400)'),(181,39,41,'1989-11-17 09:39:41','IN','pariatur','1440776317(1 = 100, now = 400)'),(182,114,20,'1999-02-22 12:58:26','IN','aliquam','724731019(1 = 100, now = 400)'),(183,70,25,'2015-10-27 22:32:30','COMPLETE','tempora','1346893497(1 = 100, now = 400)'),(184,44,3,'2003-07-20 20:12:27','IN','eius','321682311(1 = 100, now = 400)'),(185,146,38,'1995-11-18 04:08:44','IN','nostrum','213183087(1 = 100, now = 400)'),(186,78,8,'2014-06-30 17:31:32','OUT','autem','1796960392(1 = 100, now = 400)'),(187,58,33,'1993-12-10 02:54:11','COMPLETE','aut','1166703460(1 = 100, now = 400)'),(188,164,3,'2017-09-21 20:10:01','IN','non','1753362255(1 = 100, now = 400)'),(189,147,16,'1993-06-08 11:46:34','IN','dolorem','1684190646(1 = 100, now = 400)'),(190,175,31,'1997-07-14 01:11:52','COMPLETE','molestiae','1033005452(1 = 100, now = 400)'),(191,158,32,'1993-03-11 06:40:40','COMPLETE','dolorum','964626140(1 = 100, now = 400)'),(192,41,44,'2004-09-27 04:59:48','OUT','et','1504189676(1 = 100, now = 400)'),(193,62,15,'1975-06-06 05:12:00','OUT','animi','1755496325(1 = 100, now = 400)'),(194,193,11,'1985-06-10 16:19:10','COMPLETE','placeat','1723651186(1 = 100, now = 400)'),(195,162,49,'1976-12-20 10:18:41','OUT','sequi','1275925041(1 = 100, now = 400)'),(196,38,14,'1987-08-13 20:21:08','IN','debitis','672280433(1 = 100, now = 400)'),(197,6,1,'2012-04-12 00:13:56','IN','eaque','1617058306(1 = 100, now = 400)'),(198,81,4,'1993-02-15 03:19:11','IN','et','889507876(1 = 100, now = 400)'),(199,59,21,'2021-06-27 00:57:59','COMPLETE','illum','718459076(1 = 100, now = 400)'),(200,186,41,'2021-01-07 11:01:35','OUT','enim','978683566(1 = 100, now = 400)'),(201,126,30,'2014-08-23 14:53:46','COMPLETE','necessitatibus','1196080359(1 = 100, now = 400)'),(202,178,34,'2023-06-22 08:53:28','IN','debitis','421055206(1 = 100, now = 400)'),(203,133,38,'1972-12-08 12:18:18','OUT','cum','1248451948(1 = 100, now = 400)'),(204,18,11,'1977-01-24 11:59:06','IN','maxime','391035913(1 = 100, now = 400)'),(205,31,4,'1991-11-21 01:51:19','IN','enim','1384772473(1 = 100, now = 400)'),(206,173,44,'1996-11-24 11:13:51','IN','modi','1344776375(1 = 100, now = 400)'),(207,197,35,'1979-04-10 03:38:58','COMPLETE','corrupti','468645603(1 = 100, now = 400)'),(208,60,37,'2005-09-17 21:25:06','COMPLETE','ipsa','1920203463(1 = 100, now = 400)'),(209,95,2,'1993-01-13 05:30:44','IN','sapiente','1845956844(1 = 100, now = 400)'),(210,199,48,'2004-09-12 17:22:02','OUT','esse','574170959(1 = 100, now = 400)'),(211,163,19,'2009-09-11 14:03:23','OUT','eos','233695100(1 = 100, now = 400)'),(212,79,7,'2017-08-05 20:48:18','IN','possimus','2071235718(1 = 100, now = 400)'),(213,135,11,'1988-06-19 18:28:38','IN','cum','1372861616(1 = 100, now = 400)'),(214,55,42,'1992-05-25 09:19:37','IN','atque','1659592866(1 = 100, now = 400)'),(215,183,6,'2017-05-01 04:12:14','COMPLETE','at','1601798597(1 = 100, now = 400)'),(216,197,34,'1987-11-13 17:40:04','OUT','ratione','1292308168(1 = 100, now = 400)'),(217,91,43,'1977-10-03 17:01:52','COMPLETE','blanditiis','1072354865(1 = 100, now = 400)'),(218,164,8,'1971-07-21 03:20:40','OUT','repellat','1337104633(1 = 100, now = 400)'),(219,43,37,'2004-05-09 01:12:52','OUT','id','2062780538(1 = 100, now = 400)'),(220,82,9,'1999-01-09 00:55:39','IN','nihil','1600486795(1 = 100, now = 400)'),(221,44,12,'1986-03-28 08:07:39','IN','maxime','752107780(1 = 100, now = 400)'),(222,106,17,'1996-03-22 07:19:30','OUT','veritatis','298427543(1 = 100, now = 400)'),(223,141,36,'1988-08-08 19:17:33','IN','impedit','1082469601(1 = 100, now = 400)'),(224,120,42,'1987-03-27 17:28:59','OUT','molestiae','155158275(1 = 100, now = 400)'),(225,116,6,'2004-01-19 01:28:43','IN','deleniti','1011002465(1 = 100, now = 400)'),(226,92,11,'2003-04-09 07:02:41','IN','est','2084030312(1 = 100, now = 400)'),(227,187,38,'2017-05-01 10:38:30','IN','minus','1654505365(1 = 100, now = 400)'),(228,90,36,'1994-01-04 02:40:03','OUT','tempora','1474094401(1 = 100, now = 400)'),(229,111,27,'1972-03-17 14:56:27','IN','hic','981337727(1 = 100, now = 400)'),(230,69,44,'2001-03-24 06:30:30','COMPLETE','voluptatibus','1568629744(1 = 100, now = 400)'),(231,131,9,'1988-10-10 11:30:25','IN','quos','713585923(1 = 100, now = 400)'),(232,43,1,'1987-06-14 17:09:24','OUT','amet','738583746(1 = 100, now = 400)'),(233,98,37,'1976-03-30 03:06:26','COMPLETE','odio','1917596321(1 = 100, now = 400)'),(234,22,19,'1973-09-30 20:16:03','IN','dolorem','1909365975(1 = 100, now = 400)'),(235,148,44,'2019-09-24 03:09:31','OUT','molestiae','1400251568(1 = 100, now = 400)'),(236,89,50,'1979-10-01 00:22:01','IN','quis','907149112(1 = 100, now = 400)'),(237,107,47,'1985-04-13 13:59:08','IN','earum','1008267720(1 = 100, now = 400)'),(238,104,47,'2010-11-29 20:13:01','COMPLETE','sed','538763388(1 = 100, now = 400)'),(239,127,25,'1999-06-07 09:39:44','COMPLETE','debitis','1882939019(1 = 100, now = 400)'),(240,34,37,'2002-10-02 09:05:02','IN','ut','1902752169(1 = 100, now = 400)'),(241,163,1,'1971-05-13 00:15:41','IN','et','1835280059(1 = 100, now = 400)'),(242,139,6,'1971-12-16 05:15:49','IN','quae','209268005(1 = 100, now = 400)'),(243,108,41,'1987-11-17 18:25:54','OUT','magni','2113894794(1 = 100, now = 400)'),(244,53,22,'1977-07-25 08:44:44','OUT','nobis','587716251(1 = 100, now = 400)'),(245,1,44,'2021-01-03 19:55:32','IN','et','177616941(1 = 100, now = 400)'),(246,181,50,'1981-04-13 13:54:49','OUT','magnam','389201185(1 = 100, now = 400)'),(247,191,39,'1991-09-26 20:05:22','COMPLETE','soluta','1311098784(1 = 100, now = 400)'),(248,187,42,'1983-05-19 20:16:28','COMPLETE','sit','1661785870(1 = 100, now = 400)'),(249,66,13,'1991-07-01 08:07:07','OUT','non','1717492716(1 = 100, now = 400)'),(250,73,40,'2019-01-31 21:09:35','IN','dicta','1263047201(1 = 100, now = 400)'),(251,130,10,'2001-12-01 17:16:13','IN','et','1268340646(1 = 100, now = 400)'),(252,55,39,'2011-03-12 10:52:24','IN','ea','119914810(1 = 100, now = 400)'),(253,127,32,'1973-09-27 14:12:35','OUT','quas','1204160813(1 = 100, now = 400)'),(254,62,25,'2018-08-14 09:33:22','COMPLETE','eveniet','653232419(1 = 100, now = 400)'),(255,125,11,'2022-03-11 02:43:25','COMPLETE','et','2038264010(1 = 100, now = 400)'),(256,94,12,'2003-08-30 06:02:31','OUT','eos','1306199098(1 = 100, now = 400)'),(257,141,34,'2011-11-30 07:49:00','OUT','neque','2067884653(1 = 100, now = 400)'),(258,10,19,'2000-12-21 04:17:52','OUT','ex','1000737865(1 = 100, now = 400)'),(259,95,44,'1976-05-29 09:59:02','OUT','eius','241303970(1 = 100, now = 400)'),(260,156,22,'1981-08-27 00:43:21','COMPLETE','nisi','1219652080(1 = 100, now = 400)'),(261,153,44,'2009-03-31 23:04:47','IN','rem','1648318812(1 = 100, now = 400)'),(262,50,50,'2002-11-20 04:54:12','OUT','doloremque','397009192(1 = 100, now = 400)'),(263,115,45,'2002-12-02 20:54:24','COMPLETE','adipisci','607084401(1 = 100, now = 400)'),(264,59,38,'1976-10-28 05:05:54','COMPLETE','aut','1845324386(1 = 100, now = 400)'),(265,126,13,'1995-04-04 20:25:42','OUT','est','1696366759(1 = 100, now = 400)'),(266,49,13,'2004-01-05 23:34:00','IN','itaque','1028227706(1 = 100, now = 400)'),(267,93,28,'1987-01-26 16:22:56','COMPLETE','quo','612712419(1 = 100, now = 400)'),(268,198,16,'1980-04-13 22:44:51','IN','nihil','979251260(1 = 100, now = 400)'),(269,31,10,'1979-07-14 17:04:52','IN','dolorem','683275387(1 = 100, now = 400)'),(270,162,4,'1994-11-04 03:23:30','OUT','est','1989695254(1 = 100, now = 400)'),(271,115,35,'1977-03-31 05:54:53','COMPLETE','ab','246347198(1 = 100, now = 400)'),(272,77,32,'1972-04-16 01:20:18','IN','hic','1124055921(1 = 100, now = 400)'),(273,97,20,'1990-05-27 14:20:28','COMPLETE','neque','800656330(1 = 100, now = 400)'),(274,111,45,'1985-01-06 17:19:46','OUT','sed','7876633(1 = 100, now = 400)'),(275,116,22,'1999-02-22 21:18:07','OUT','fugiat','1793629907(1 = 100, now = 400)'),(276,188,28,'1990-12-28 21:47:41','IN','ut','1869758039(1 = 100, now = 400)'),(277,12,26,'2017-08-12 09:08:19','COMPLETE','occaecati','823495501(1 = 100, now = 400)'),(278,32,10,'2020-09-29 08:54:35','COMPLETE','odit','1642258609(1 = 100, now = 400)'),(279,125,32,'1977-10-08 21:43:42','IN','at','1258737157(1 = 100, now = 400)'),(280,43,28,'1979-04-27 07:30:01','OUT','totam','572862895(1 = 100, now = 400)'),(281,109,31,'1972-05-18 20:21:43','IN','eius','1499624350(1 = 100, now = 400)'),(282,117,18,'2004-07-01 06:37:06','IN','non','2026039759(1 = 100, now = 400)'),(283,123,22,'2012-07-14 23:54:10','OUT','sunt','1653469323(1 = 100, now = 400)'),(284,57,49,'1992-07-12 07:16:47','IN','harum','959668609(1 = 100, now = 400)'),(285,117,3,'1986-01-24 03:20:27','OUT','sed','821785934(1 = 100, now = 400)'),(286,17,41,'1981-10-17 15:49:47','IN','porro','2043080692(1 = 100, now = 400)'),(287,109,8,'1992-06-07 15:54:05','COMPLETE','commodi','813789558(1 = 100, now = 400)'),(288,185,8,'2009-07-03 15:51:06','COMPLETE','consequatur','1296663667(1 = 100, now = 400)'),(289,115,35,'1997-09-30 08:04:30','OUT','laborum','1621881177(1 = 100, now = 400)'),(290,109,37,'1995-08-31 12:52:34','COMPLETE','nulla','1354684559(1 = 100, now = 400)'),(291,71,24,'1975-08-29 02:26:02','IN','dolorum','943303204(1 = 100, now = 400)'),(292,130,42,'1999-10-19 17:50:58','OUT','accusamus','1608575378(1 = 100, now = 400)'),(293,74,18,'1975-07-14 09:22:52','IN','dicta','495121452(1 = 100, now = 400)'),(294,42,48,'2023-07-11 03:24:33','IN','animi','1889096461(1 = 100, now = 400)'),(295,132,46,'2021-04-09 10:44:50','COMPLETE','nihil','326693017(1 = 100, now = 400)'),(296,143,37,'1975-11-18 09:37:41','COMPLETE','officiis','162398890(1 = 100, now = 400)'),(297,9,25,'2009-12-16 13:13:13','IN','aut','1357925676(1 = 100, now = 400)'),(298,143,36,'2017-12-30 15:54:18','OUT','quo','1799499827(1 = 100, now = 400)'),(299,183,35,'2023-06-24 09:33:11','OUT','quaerat','1271045719(1 = 100, now = 400)'),(300,9,23,'1996-05-18 17:39:38','COMPLETE','optio','1995975420(1 = 100, now = 400)'),(301,102,29,'1970-05-01 18:23:15','COMPLETE','maxime','389437764(1 = 100, now = 400)'),(302,180,40,'1972-05-29 21:29:06','OUT','quia','1200703127(1 = 100, now = 400)'),(303,102,9,'1998-05-01 22:11:39','OUT','ex','818933579(1 = 100, now = 400)'),(304,198,50,'1972-03-28 22:49:47','IN','ipsa','1080125928(1 = 100, now = 400)'),(305,75,34,'1980-02-11 11:18:32','COMPLETE','quod','616102561(1 = 100, now = 400)'),(306,150,5,'2000-05-21 05:33:43','IN','laboriosam','1621180752(1 = 100, now = 400)'),(307,182,39,'1970-07-13 04:21:34','COMPLETE','nihil','1096059194(1 = 100, now = 400)'),(308,186,43,'1991-03-12 12:09:45','IN','doloribus','2071097740(1 = 100, now = 400)'),(309,173,31,'2003-12-28 01:53:10','OUT','sit','2016039465(1 = 100, now = 400)'),(310,25,7,'1994-10-06 12:51:20','OUT','voluptatem','70294976(1 = 100, now = 400)'),(311,123,34,'1990-09-09 18:14:47','COMPLETE','quisquam','12215953(1 = 100, now = 400)'),(312,177,9,'1993-04-21 11:37:09','OUT','qui','358273689(1 = 100, now = 400)'),(313,72,24,'2015-05-14 02:10:26','OUT','sint','1704878353(1 = 100, now = 400)'),(314,181,7,'1979-02-13 11:45:38','IN','sit','1474318512(1 = 100, now = 400)'),(315,126,32,'1972-12-26 04:18:30','COMPLETE','consequatur','1074089531(1 = 100, now = 400)'),(316,127,20,'2018-09-28 23:40:39','OUT','laudantium','283787568(1 = 100, now = 400)'),(317,157,19,'2009-06-23 07:38:57','OUT','dolor','692940132(1 = 100, now = 400)'),(318,73,38,'1985-06-14 10:01:07','OUT','natus','749830042(1 = 100, now = 400)'),(319,138,2,'2023-05-12 16:07:28','OUT','eum','1911386510(1 = 100, now = 400)'),(320,31,50,'1981-03-21 16:56:34','IN','cum','1874358844(1 = 100, now = 400)'),(321,34,8,'1985-03-08 20:37:06','IN','eos','261195794(1 = 100, now = 400)'),(322,28,15,'1977-03-08 21:09:35','OUT','temporibus','510836083(1 = 100, now = 400)'),(323,132,28,'1975-10-14 15:00:46','COMPLETE','in','685462908(1 = 100, now = 400)'),(324,81,16,'1987-03-06 04:59:37','IN','eligendi','1436231871(1 = 100, now = 400)'),(325,168,1,'1974-12-14 19:27:55','IN','nisi','190099223(1 = 100, now = 400)'),(326,118,10,'1975-01-18 13:32:59','IN','earum','1878814348(1 = 100, now = 400)'),(327,107,29,'2021-04-16 17:11:08','OUT','ipsum','1268976091(1 = 100, now = 400)'),(328,125,41,'1981-06-26 12:07:02','IN','praesentium','1425207866(1 = 100, now = 400)'),(329,82,15,'1995-01-31 10:46:52','COMPLETE','nostrum','1213248574(1 = 100, now = 400)'),(330,162,39,'2018-04-25 22:51:27','COMPLETE','iure','387945517(1 = 100, now = 400)'),(331,23,26,'1998-03-15 22:39:38','IN','magnam','402938660(1 = 100, now = 400)'),(332,156,13,'2023-06-14 21:38:55','COMPLETE','fugiat','357099360(1 = 100, now = 400)'),(333,160,14,'1993-01-24 15:20:16','COMPLETE','in','1500951068(1 = 100, now = 400)'),(334,146,47,'1982-12-20 22:28:32','IN','libero','521014929(1 = 100, now = 400)'),(335,173,14,'1975-04-22 01:57:41','COMPLETE','recusandae','526847167(1 = 100, now = 400)'),(336,28,4,'1991-10-11 19:14:58','OUT','quo','54876018(1 = 100, now = 400)'),(337,86,42,'2009-05-07 20:46:46','OUT','adipisci','799347053(1 = 100, now = 400)'),(338,157,12,'2018-10-01 03:34:10','COMPLETE','sunt','1620319026(1 = 100, now = 400)'),(339,176,21,'1970-09-16 07:30:32','IN','omnis','1249045289(1 = 100, now = 400)'),(340,166,17,'1985-01-24 12:56:53','IN','quasi','1790469808(1 = 100, now = 400)'),(341,182,4,'1975-05-21 06:42:31','COMPLETE','dolor','1617733877(1 = 100, now = 400)'),(342,94,8,'1981-02-04 06:52:28','OUT','ex','1705995304(1 = 100, now = 400)'),(343,94,12,'2010-11-19 05:44:58','IN','expedita','771397200(1 = 100, now = 400)'),(344,16,18,'1986-04-30 08:24:35','IN','et','1334742206(1 = 100, now = 400)'),(345,148,33,'1975-09-19 06:02:19','OUT','enim','2063796883(1 = 100, now = 400)'),(346,22,16,'2016-03-11 16:43:28','IN','voluptas','1522164420(1 = 100, now = 400)'),(347,35,20,'2006-08-09 11:31:10','OUT','ea','800823388(1 = 100, now = 400)'),(348,47,42,'1985-08-03 07:04:08','IN','totam','1204614806(1 = 100, now = 400)'),(349,153,7,'1975-02-17 20:20:31','OUT','qui','73890920(1 = 100, now = 400)'),(350,16,41,'1973-11-22 20:50:07','COMPLETE','quam','1627109473(1 = 100, now = 400)'),(351,83,34,'2017-01-13 17:22:45','COMPLETE','qui','301838116(1 = 100, now = 400)'),(352,181,46,'2022-07-03 14:11:28','OUT','est','1367425265(1 = 100, now = 400)'),(353,174,46,'1970-02-18 05:59:48','OUT','fugit','851572142(1 = 100, now = 400)'),(354,92,43,'2007-03-02 10:07:25','COMPLETE','cumque','1915645045(1 = 100, now = 400)'),(355,137,31,'1999-03-02 21:04:12','COMPLETE','quasi','2055559349(1 = 100, now = 400)'),(356,172,40,'1998-05-24 03:57:11','OUT','similique','2023015972(1 = 100, now = 400)'),(357,198,50,'2005-04-20 05:41:03','OUT','vero','1808116704(1 = 100, now = 400)'),(358,27,34,'2006-04-20 06:15:01','COMPLETE','impedit','1328371498(1 = 100, now = 400)'),(359,51,46,'2023-02-16 02:18:41','COMPLETE','omnis','713452631(1 = 100, now = 400)'),(360,11,24,'1993-09-27 21:27:11','IN','repudiandae','970008780(1 = 100, now = 400)'),(361,27,22,'2004-01-25 04:43:45','IN','temporibus','1650747565(1 = 100, now = 400)'),(362,159,10,'2020-04-17 09:39:49','IN','cupiditate','2100741295(1 = 100, now = 400)'),(363,80,45,'1981-06-29 06:52:10','COMPLETE','facere','325039492(1 = 100, now = 400)'),(364,58,39,'2001-03-27 11:16:21','COMPLETE','fugit','1920026428(1 = 100, now = 400)'),(365,165,40,'1984-07-17 11:00:59','COMPLETE','qui','1238467165(1 = 100, now = 400)'),(366,144,31,'2004-04-26 01:30:21','IN','est','550882117(1 = 100, now = 400)'),(367,188,30,'2005-12-15 02:41:35','COMPLETE','vel','1301561110(1 = 100, now = 400)'),(368,161,34,'2000-08-09 10:23:22','OUT','sint','377921597(1 = 100, now = 400)'),(369,110,8,'1991-02-01 08:44:23','COMPLETE','possimus','1218068248(1 = 100, now = 400)'),(370,173,47,'2022-03-31 13:27:00','COMPLETE','voluptatem','596931515(1 = 100, now = 400)'),(371,2,49,'1980-11-11 03:00:04','OUT','nihil','236320724(1 = 100, now = 400)'),(372,11,19,'2002-06-18 06:30:17','IN','error','1497407051(1 = 100, now = 400)'),(373,41,12,'1970-05-02 20:03:33','OUT','quo','835717201(1 = 100, now = 400)'),(374,115,1,'2011-01-29 22:58:54','OUT','totam','1752670384(1 = 100, now = 400)'),(375,77,28,'1974-05-11 02:50:24','OUT','et','1782432647(1 = 100, now = 400)'),(376,163,41,'1979-03-16 21:34:37','IN','soluta','1217298441(1 = 100, now = 400)'),(377,48,16,'1979-10-17 10:15:30','IN','reprehenderit','1792990288(1 = 100, now = 400)'),(378,95,18,'1978-02-16 08:56:50','IN','dolores','562128044(1 = 100, now = 400)'),(379,195,37,'2011-09-26 09:34:13','COMPLETE','aut','1033165003(1 = 100, now = 400)'),(380,197,4,'2014-03-28 09:53:17','COMPLETE','qui','1580289618(1 = 100, now = 400)'),(381,185,36,'2020-09-20 12:13:37','IN','quis','586129324(1 = 100, now = 400)'),(382,11,20,'2021-08-31 15:02:36','IN','ratione','422061557(1 = 100, now = 400)'),(383,34,6,'1994-12-22 11:37:53','COMPLETE','nulla','745483569(1 = 100, now = 400)'),(384,128,50,'1977-12-12 15:10:47','OUT','omnis','1036190175(1 = 100, now = 400)'),(385,184,36,'1985-05-01 12:27:45','IN','a','1507065045(1 = 100, now = 400)'),(386,97,6,'1976-11-03 08:13:14','OUT','velit','593836573(1 = 100, now = 400)'),(387,22,13,'2005-06-04 06:02:13','IN','pariatur','1253146943(1 = 100, now = 400)'),(388,192,49,'1981-05-05 23:02:02','OUT','sapiente','934961579(1 = 100, now = 400)'),(389,132,36,'2004-03-02 10:35:37','COMPLETE','reprehenderit','810820632(1 = 100, now = 400)'),(390,191,11,'1992-08-09 03:24:27','IN','dolore','1654464451(1 = 100, now = 400)'),(391,119,3,'2017-09-15 17:06:20','COMPLETE','et','50561453(1 = 100, now = 400)'),(392,176,30,'2021-09-23 22:05:00','IN','est','387279310(1 = 100, now = 400)'),(393,4,42,'2004-09-16 23:07:36','OUT','et','2086664171(1 = 100, now = 400)'),(394,144,39,'2010-08-10 15:42:57','COMPLETE','suscipit','1133423793(1 = 100, now = 400)'),(395,70,29,'1995-05-09 13:34:00','COMPLETE','soluta','196310246(1 = 100, now = 400)'),(396,183,38,'1985-03-26 19:20:25','COMPLETE','sed','981392221(1 = 100, now = 400)'),(397,97,50,'1993-09-09 18:24:23','COMPLETE','adipisci','1486216124(1 = 100, now = 400)'),(398,53,20,'1973-09-03 03:49:00','OUT','accusantium','1890817889(1 = 100, now = 400)'),(399,16,25,'2005-01-30 12:50:03','COMPLETE','distinctio','1105082226(1 = 100, now = 400)'),(400,153,26,'2015-12-20 01:07:49','OUT','dolore','1060451637(1 = 100, now = 400)'),(401,174,26,'1987-09-25 09:19:59','IN','minus','664801339(1 = 100, now = 400)'),(402,57,25,'1975-11-11 01:22:12','IN','fugit','2028693358(1 = 100, now = 400)'),(403,64,22,'1987-05-16 08:43:10','OUT','doloribus','2090259382(1 = 100, now = 400)'),(404,1,17,'2017-10-10 16:56:57','OUT','quia','930990305(1 = 100, now = 400)'),(405,1,27,'2001-10-20 17:35:13','IN','voluptatem','952465716(1 = 100, now = 400)'),(406,138,42,'1996-11-20 07:37:25','COMPLETE','voluptate','762901128(1 = 100, now = 400)'),(407,117,23,'1988-05-01 18:59:24','OUT','aut','1311405894(1 = 100, now = 400)'),(408,163,34,'1974-05-19 21:09:57','OUT','maiores','933941152(1 = 100, now = 400)'),(409,2,43,'1993-06-08 16:27:49','IN','ipsum','1257753932(1 = 100, now = 400)'),(410,117,41,'1978-07-16 08:40:23','OUT','enim','1198014230(1 = 100, now = 400)'),(411,174,6,'2012-03-07 23:47:55','IN','voluptatibus','1602884607(1 = 100, now = 400)'),(412,178,14,'1986-09-04 14:25:51','COMPLETE','necessitatibus','1443935340(1 = 100, now = 400)'),(413,149,1,'1983-03-22 03:46:07','COMPLETE','debitis','1508020901(1 = 100, now = 400)'),(414,145,35,'1982-09-15 11:01:38','IN','voluptate','425123829(1 = 100, now = 400)'),(415,149,17,'2014-07-17 23:00:18','OUT','quaerat','812506746(1 = 100, now = 400)'),(416,6,44,'1983-05-29 04:02:34','COMPLETE','illo','1550271963(1 = 100, now = 400)'),(417,93,12,'2005-01-30 21:30:36','COMPLETE','voluptatem','16467326(1 = 100, now = 400)'),(418,156,37,'2022-02-18 16:22:52','COMPLETE','et','2116545749(1 = 100, now = 400)'),(419,12,6,'1989-05-10 14:34:59','COMPLETE','doloremque','1113145861(1 = 100, now = 400)'),(420,21,29,'1993-04-27 09:03:44','COMPLETE','sunt','2094537917(1 = 100, now = 400)'),(421,118,31,'1997-06-04 22:19:47','OUT','ea','47493811(1 = 100, now = 400)'),(422,108,6,'2022-03-13 20:29:51','OUT','enim','1783005307(1 = 100, now = 400)'),(423,36,47,'1971-06-15 10:52:12','IN','consequuntur','1173565853(1 = 100, now = 400)'),(424,135,18,'2010-03-04 23:03:58','IN','enim','965666110(1 = 100, now = 400)'),(425,16,40,'2010-11-04 04:44:36','OUT','atque','85821017(1 = 100, now = 400)'),(426,163,20,'1978-07-31 00:45:49','IN','explicabo','1883866945(1 = 100, now = 400)'),(427,107,24,'1972-03-18 07:45:57','IN','nihil','2017041463(1 = 100, now = 400)'),(428,38,2,'1994-06-19 08:53:14','COMPLETE','repellat','1839045222(1 = 100, now = 400)'),(429,118,46,'2001-08-15 21:45:15','OUT','et','1131449854(1 = 100, now = 400)'),(430,38,8,'1984-12-03 20:42:49','IN','voluptatem','1528926021(1 = 100, now = 400)'),(431,94,46,'2021-05-24 09:01:03','COMPLETE','itaque','575707950(1 = 100, now = 400)'),(432,97,18,'2005-08-14 03:04:36','OUT','recusandae','1371061288(1 = 100, now = 400)'),(433,18,21,'2000-11-14 21:57:07','COMPLETE','quo','488091545(1 = 100, now = 400)'),(434,28,40,'1991-03-06 09:02:58','COMPLETE','distinctio','542355361(1 = 100, now = 400)'),(435,148,3,'2017-01-15 21:53:30','OUT','fugiat','1712166624(1 = 100, now = 400)'),(436,160,15,'2018-03-16 07:43:21','COMPLETE','odit','36500448(1 = 100, now = 400)'),(437,161,17,'1988-06-19 09:19:45','COMPLETE','aut','1423789836(1 = 100, now = 400)'),(438,45,35,'1971-02-10 10:45:34','OUT','omnis','1185080202(1 = 100, now = 400)'),(439,126,5,'2021-06-14 11:55:34','IN','consequatur','198761869(1 = 100, now = 400)'),(440,137,33,'2010-08-01 10:12:55','IN','sapiente','919101776(1 = 100, now = 400)'),(441,191,36,'2014-12-30 19:19:41','OUT','quibusdam','383871808(1 = 100, now = 400)'),(442,129,19,'2020-05-15 21:37:37','COMPLETE','ut','9798864(1 = 100, now = 400)'),(443,9,10,'1970-05-04 17:50:45','IN','sit','149477398(1 = 100, now = 400)'),(444,159,45,'1989-09-10 09:36:19','OUT','voluptatem','1466869333(1 = 100, now = 400)'),(445,181,15,'1973-12-20 11:55:28','IN','soluta','1666839594(1 = 100, now = 400)'),(446,196,20,'1999-08-26 20:35:04','OUT','ullam','1342578502(1 = 100, now = 400)'),(447,128,42,'1981-11-03 10:39:20','IN','ipsa','2045063680(1 = 100, now = 400)'),(448,136,7,'1975-08-24 09:15:00','OUT','quisquam','527287668(1 = 100, now = 400)'),(449,71,30,'2020-09-30 15:45:01','COMPLETE','molestiae','1791011956(1 = 100, now = 400)'),(450,56,9,'2010-12-22 08:11:25','COMPLETE','nostrum','1958423588(1 = 100, now = 400)'),(451,101,47,'1974-07-29 18:18:56','COMPLETE','in','380236648(1 = 100, now = 400)'),(452,95,27,'1972-02-01 22:03:38','COMPLETE','laborum','1024748417(1 = 100, now = 400)'),(453,17,23,'1990-07-16 00:28:44','COMPLETE','magnam','875453996(1 = 100, now = 400)'),(454,102,6,'1983-02-06 02:27:29','IN','consequuntur','1005711691(1 = 100, now = 400)'),(455,193,2,'2015-05-08 03:09:56','OUT','minima','20148166(1 = 100, now = 400)'),(456,53,22,'2008-08-04 06:24:52','COMPLETE','fuga','740235295(1 = 100, now = 400)'),(457,55,37,'2012-11-09 21:25:34','COMPLETE','commodi','846089349(1 = 100, now = 400)'),(458,6,27,'1988-02-20 21:09:23','IN','ut','1297472165(1 = 100, now = 400)'),(459,156,4,'2020-07-19 18:47:41','OUT','eos','928190971(1 = 100, now = 400)'),(460,177,12,'1980-05-06 19:11:20','IN','est','1863736167(1 = 100, now = 400)'),(461,75,14,'2010-02-07 23:44:05','OUT','aspernatur','1789146361(1 = 100, now = 400)'),(462,50,26,'2020-08-02 09:08:04','COMPLETE','et','556361598(1 = 100, now = 400)'),(463,61,38,'2017-12-31 14:30:50','IN','libero','1958321419(1 = 100, now = 400)'),(464,113,45,'1994-10-17 21:16:22','IN','dicta','1866635127(1 = 100, now = 400)'),(465,35,7,'2015-03-02 11:25:56','COMPLETE','quo','1801237012(1 = 100, now = 400)'),(466,98,4,'1992-02-15 07:34:05','IN','deserunt','934558440(1 = 100, now = 400)'),(467,92,25,'2014-08-24 04:53:24','OUT','ratione','1090682877(1 = 100, now = 400)'),(468,82,22,'1991-07-13 14:23:50','IN','animi','1558336239(1 = 100, now = 400)'),(469,93,3,'2008-06-14 10:14:40','COMPLETE','eos','95188925(1 = 100, now = 400)'),(470,22,38,'2022-05-13 05:22:44','COMPLETE','fuga','934415791(1 = 100, now = 400)'),(471,64,26,'2009-02-09 06:52:49','COMPLETE','quia','906559075(1 = 100, now = 400)'),(472,64,18,'2019-11-30 11:08:46','COMPLETE','id','590083599(1 = 100, now = 400)'),(473,91,45,'1984-03-04 17:31:00','COMPLETE','inventore','2123884069(1 = 100, now = 400)'),(474,25,48,'2011-02-04 16:01:32','OUT','voluptas','1391492233(1 = 100, now = 400)'),(475,165,38,'2022-12-29 02:40:34','IN','atque','125344594(1 = 100, now = 400)'),(476,22,43,'1988-11-14 11:38:14','COMPLETE','temporibus','1455673100(1 = 100, now = 400)'),(477,152,14,'2021-01-27 23:44:17','COMPLETE','et','257170579(1 = 100, now = 400)'),(478,135,7,'1972-04-19 13:30:07','COMPLETE','animi','1417025166(1 = 100, now = 400)'),(479,72,4,'1987-12-12 04:56:12','IN','modi','710214388(1 = 100, now = 400)'),(480,19,22,'2007-05-21 13:25:08','IN','in','2020436642(1 = 100, now = 400)'),(481,100,49,'1992-08-11 17:00:35','IN','odit','808287056(1 = 100, now = 400)'),(482,177,25,'1999-10-20 16:24:16','COMPLETE','quod','1786856323(1 = 100, now = 400)'),(483,81,5,'1977-09-21 01:59:55','IN','veritatis','1503303116(1 = 100, now = 400)'),(484,63,32,'1988-09-10 08:11:43','IN','nesciunt','1950116955(1 = 100, now = 400)'),(485,6,24,'2002-11-28 10:26:45','COMPLETE','aut','1987937738(1 = 100, now = 400)'),(486,143,43,'1988-01-13 03:08:23','OUT','non','672640638(1 = 100, now = 400)'),(487,25,43,'1978-05-01 08:41:52','IN','ratione','1043031181(1 = 100, now = 400)'),(488,31,41,'2013-02-22 14:36:35','IN','nihil','863687441(1 = 100, now = 400)'),(489,60,22,'2016-08-31 14:12:18','COMPLETE','asperiores','1518975011(1 = 100, now = 400)'),(490,108,23,'2010-08-09 16:56:11','OUT','blanditiis','1600681899(1 = 100, now = 400)'),(491,164,19,'2020-09-27 19:26:31','IN','sed','1724921610(1 = 100, now = 400)'),(492,115,37,'2015-09-14 22:18:22','COMPLETE','et','2068212270(1 = 100, now = 400)'),(493,37,19,'1972-10-12 20:44:59','IN','sed','1561024456(1 = 100, now = 400)'),(494,131,40,'1984-02-08 12:30:12','IN','aut','333656137(1 = 100, now = 400)'),(495,17,42,'1994-07-17 06:21:48','COMPLETE','repudiandae','2117678728(1 = 100, now = 400)'),(496,108,17,'2023-10-25 11:50:11','OUT','magni','293086508(1 = 100, now = 400)'),(497,38,7,'1986-01-16 13:27:02','IN','odio','1650974838(1 = 100, now = 400)'),(498,9,31,'1999-10-29 16:45:29','OUT','animi','1457457109(1 = 100, now = 400)'),(499,134,43,'2023-10-11 03:00:52','OUT','modi','1111122604(1 = 100, now = 400)'),(500,110,36,'2005-08-23 17:48:39','IN','cum','972054637(1 = 100, now = 400)');
/*!40000 ALTER TABLE `transaction` ENABLE KEYS */;
UNLOCK TABLES;
/*!50112 SET @disable_bulk_load = IF (@is_rocksdb_supported, 'SET SESSION rocksdb_bulk_load = @old_rocksdb_bulk_load', 'SET @dummy_rocksdb_bulk_load = 0') */;
/*!50112 PREPARE s FROM @disable_bulk_load */;
/*!50112 EXECUTE s */;
/*!50112 DEALLOCATE PREPARE s */;
/*!40103 SET TIME_ZONE=@OLD_TIME_ZONE */;

/*!40101 SET SQL_MODE=@OLD_SQL_MODE */;
/*!40014 SET FOREIGN_KEY_CHECKS=@OLD_FOREIGN_KEY_CHECKS */;
/*!40014 SET UNIQUE_CHECKS=@OLD_UNIQUE_CHECKS */;
/*!40101 SET CHARACTER_SET_CLIENT=@OLD_CHARACTER_SET_CLIENT */;
/*!40101 SET CHARACTER_SET_RESULTS=@OLD_CHARACTER_SET_RESULTS */;
/*!40101 SET COLLATION_CONNECTION=@OLD_COLLATION_CONNECTION */;
/*!40111 SET SQL_NOTES=@OLD_SQL_NOTES */;

-- Dump completed on 2023-11-07  8:51:08
